quest_id,answer_predict
0,"Album có lượng đơn đặt trước lớn nhất của nhóm nhạc NCT là ""Universe""."
1,Chính phủ đã có những gói hỗ trợ khác nhau trong thời kỳ đại dịch COVID-19.
2,"Ngày 5 tháng 5 âm lịch tại Việt Nam có những tên gọi như ""Tết Đoan ngọ"", ""Tết giết sâu bọ"""
3,"Mục đích phát triển của Shopee là trở thành một sàn thương mại điện tử phát triển chủ yếu trên thiết bị di động, hoạt động như một mạng xã hội phục vụ nhu cầu mua bán mọi lúc, mọi nơi cho người dùng. Shopee tích hợp hệ thống vận hành, giao nhận và hỗ trợ về khâu thanh toán, trở thành bên trung gian giúp việc mua sắm trực tuyến dễ dàng và an toàn hơn cho cả bên mua lẫn bên bán."
4,"Bảo tàng Tôn Đức Thắng đặt tại Quận 1, thành phố Hồ Chí Minh."
5,"Tàu Ever Given đã gặp sự cố nghiêm trọng trong hệ thống điều khiển khiến mũi tàu đâm vào bãi cát ở bờ Đông, còn đuôi tàu thì mắc kẹt trong cát sỏi ở bờ Tây. Con tàu gần như nằm chắn ngang kênh đào ở đoạn dưới hồ Great Bitter. Sự cố này đã làm tắc nghẽn tuyến đường hàng hải quan trọng bậc nhất thế giới, chiếm 12% tổng lưu lượng giao thông hàng hải toàn cầu bị đình trệ trong nhiều ngày."
6,"Quân hàm Đại tướng chỉ được phong cho các sĩ quan cấp cao nắm giữ các chức vụ: Bộ trưởng Bộ Quốc phòng, Tổng Tham mưu trưởng và Chủ nhiệm Tổng cục Chính trị."
7,"Theo thông tin được cung cấp trong đoạn văn, có tổng cộng 888 đô thị ở Việt Nam. Các đô thị này được chia thành sáu loại, bao gồm đô thị loại đặc biệt, đô thị loại I, đô thị loại II, đô thị loại III, đô thị loại IV và đô thị loại V."
8,"Nhà thờ chính tòa Đức Bà Sài Gòn đã trải qua ba cuộc trùng tu. Lần đầu tiên là việc xây dựng thêm phần mái kẽm cho hai tháp chuông vào năm 1895. Lần thứ hai vào năm 1903, mặt tiền nhà thờ được tôn tạo, xây thêm vườn hoa và tượng đài Bá Đa Lộc. Lần thứ ba là lần dựng tượng Đức Bà Hòa Bình vào năm 1959."
9,Trường Y Dược Hà Nội tổ chức kỳ thi nội trú đầu tiên vào năm 1938.
10,"Trong chuyến thăm Bồ Đào Nha, Võ Thị Ánh Xuân dẫn đầu đoàn đại biểu Việt Nam tham dự và phát biểu tại Hội nghị Thượng đỉnh Phụ nữ Toàn cầu năm 2021."
11,Giải vô địch bóng đá thế giới 2014 được tổ chức tại Sân vận động Maracanã ở Rio de Janeiro ở Brazil.
12,"Đột biến nhiễm sắc thể có thể xảy ra do các tác nhân mạnh trong ngoại cảnh (tia phóng xạ, hóa chất, sự biến đổi đột ngột của nhiệt độ) hoặc những rối loạn trong quá trình trao đổi chất nội bào, dẫn đến sự phân li không bình thường của các cặp nhiễm sắc thể."
13,"Tác giả của Nam quốc sơn hà là Lý Thường Kiệt. Bài thơ này được viết bởi Lý Thường Kiệt vào năm 1077, trong cuộc kháng chiến chống lại quân Tống. Bài thơ là một trong những bản Tuyên ngôn độc lập đầu tiên của Việt Nam, khẳng định chủ quyền của nhà cầm quyền Đại Việt trên các vùng đất của mình."
14,"Funimation Entertainment đã phát hành bộ anime One Piece tại Mỹ từ năm 2006 về trước, nhưng do những vấn đề về sửa đổi và cắt bớt quá nhiều so với bản gốc trong anime mà Funimation đã phải ngừng phát sóng."
15,"Câu trả lời cho câu hỏi là ""Hồ Gươm"". Thông tin này được đề cập trong đoạn văn nhất định, trong đó nói rằng ""Rùa tiến về thuyền vua và nói:"" ""Vua nâng gươm hướng về phía Rùa Vàng. Nhanh như cắt, rùa há miệng đớp lấy thanh gươm và lặn xuống nước."" Từ đó, hồ Tả Vọng bắt đầu mang tên là Hồ Gươm hay hồ Hoàn Kiếm."
16,"Theo thông tin được cung cấp trong đoạn văn, ""Bố già"" đã bán được 347 tỷ đồng sau hai ngày mở bán."
17,Vincenzo đã giúp một ông trùm người Trung Quốc cất giữ vàng trong một kho tiền được bảo vệ bởi mafia trong khu phức hợp.
18,"Sau khi bình định toàn bộ Việt Nam, Pháp tiến hành chia nước ta thành ba xứ: Bắc Kỳ, Trung Kỳ và Nam Kỳ."
19,"Tim Berners-Lee là người tạo ra World Wide Web. Ông là nhà vật lý người Anh, người đã thành lập CERN vào năm 1990. Vào ngày 30 tháng 4 năm 1993, CERN thông báo rằng World Wide Web sẽ được cung cấp miễn phí cho bất kỳ ai góp phần vào sự phát triển vượt bậc của Web."
20,"Đập Tam Hiệp nằm ở Tam Đẩu Bình, Nghi Xương, tỉnh Hồ Bắc, Trung Quốc."
21,"Câu trả lời là không. Theo đoạn văn, cầu thủ đứng ở vị trí việt vị không bị coi là phạm luật và chỉ bị xử phạt nếu ở thời điểm đồng đội chuyền bóng hoặc chạm bóng, theo nhận định của trọng tài."
22,Tôn Thất Tùng giữ chức Thứ trưởng Bộ Y Tế trong khoảng thời gian từ năm 2000 đến năm 2005. Ông là đại biểu Quốc hội liên tục từ khóa II đến khóa VII và giữ chức vụ Ủy viên Đoàn Chủ tịch Mặt trận Tổ quốc Việt Nam.
23,Lý thuyết tính toán của Alan Turing cho rằng một cỗ máy có thể mô phỏng bất kỳ hành động suy luận toán học nào có thể hiểu được.
24,"Một số quốc gia sử dụng đô la Mỹ làm đơn vị tiền tệ chính thức, trong đó có Mỹ."
25,"Bà Đào Hồng Lan đã có buổi làm việc với Angela Pratt, Trưởng Đại diện Tổ chức Y tế Thế giới tại Việt Nam để thảo luận về vấn đề đảm bảo sức khỏe toàn dân và hoàn thiện văn kiện hợp tác giữa Việt Nam và Tổ chức Y tế Thế giới."
26,Cộng hòa Dân chủ Đức.
27,"Năm tôn giáo lớn nhất ở Việt Nam là Công giáo, Phật giáo, Hòa Hảo, Tin Lành, và Cao Đài."
28,Phổ Nghi được đưa lên làm Hoàng đế bù nhìn của Đại Mãn Châu Đế quốc ở Đông Bắc Trung Quốc năm 1934.
29,"Ngụy Anh Lạc là một thiếu nữ nhập cung làm cung nữ để điều tra chân tướng cái chết của người chị gái. Cô vô tình bị cuốn vào những cuộc chiến đẫm máu và tàn khốc nơi cung đình. Sau đó, cô được dạy dỗ bởi Phú Sát Dung Âm, người hiền lành đức độ, tuân thủ lễ pháp. Cô trở thành người có địa vị cao nhất hậu cung, thay Càn Long quản lý phi tần, cùng ông hưởng thụ trọn vẹn thời thái bình thịnh thế."
30,"Lục Tiểu Linh Đồng là tên thật của diễn viên đóng Tôn Ngộ Không. Ông là một nhân vật nổi tiếng trong bộ phim Tây du ký, trong đó ông đóng vai Tôn Ngộ Không."
31,"Phim Mắt biếc có sự tham gia diễn xuất của dàn diễn viên phụ gồm Hữu Luân, Khánh Huyền, Huỳnh Mai Cát Tiên, Ngọc Thảo, Thanh Hiền, Xuân Phúc và Phan Bảo Tiên."
32,Bến Tre
33,"Tập sách Đường kách mệnh được xuất bản vào thời vua Tự Đức, tức là vào khoảng cuối thời Lê đầu thời Tây Sơn."
34,Tên lửa đạn đạo là tên lửa có chất nổ được máy tính hoặc người điều khiển sau khi phóng thì chỉ chịu ảnh hưởng của lực hấp dẫn và lực cản của không khí gây ra.
35,"Tế bào là một đơn vị cấu trúc cơ bản có chức năng sinh học của sinh vật sống. Tế bào là đơn vị nhỏ nhất của sự sống có khả năng phân chia độc lập, và các tế bào thường được gọi là ""những viên gạch đầu tiên cấu tạo nên sự sống""."
36,"Ở thực vật, quá trình quang hợp chủ yếu được thực hiện nhờ diệp lục (""chlorophyll"" nghĩa là diệp lục; ""chloro-"" nghĩa là thứ có màu xanh lục. Sắc tố này thường chứa trong các bào quan gọi là lục lạp."
37,"Sốt rét không được coi là một loại đại dịch. Tuy nhiên, nó vẫn là một vấn đề sức khỏe quan trọng ở các khu vực nhiệt đới và cận nhiệt đới, đặc biệt là ở châu Mỹ, châu Á và châu Phi."
38,"TikTok có văn phòng ở Dublin, Los Angeles, Thành phố New York, London, Paris, Berlin, Dubai, Mumbai, Singapore, Jakarta, Seoul và Tokyo."
39,"Ông Trần Đại Quang là Bộ trưởng Bộ Công an trong khoảng thời gian từ tháng 1 năm 2011 đến tháng 8 năm 2011. Sau đó, ông được bầu vào Ban Chấp hành Trung ương Đảng Cộng sản Việt Nam, được bầu vào Bộ Chính trị và được Thủ tướng Nguyễn Tấn Dũng đề cử làm Bộ trưởng Bộ Công an Việt Nam mới trong chính phủ mới của ông."
40,"Các kỹ xảo trong bộ phim truyền hình Tây du ký được thực hiện bằng sức người với các phương pháp thủ công như dựng phim, ghép hình..."
41,"Đúng vậy, virus corona được xác định là nguyên nhân gây bệnh ở người từ đầu những năm 1970. Virus này chủ yếu gây bệnh ở đường ruột, ngoại trừ viêm phế quản truyền nhiễm gia cầm."
42,"Theo Quyết định số 121-TCTK/PPCĐ ngày 02 tháng 3 năm 1979, có 54 dân tộc và 1 nhóm ""người nước ngoài"" tại Việt Nam."
43,"Nguyễn Thế Trí. Ông sinh ra trong một gia đình có ba người con, ông là con thứ. Anh cả là Nguyễn Văn Sử, ông tên khai sinh là Nguyễn Thế Trí nhưng vì kiêng huý tên ông ngoại là Hoàng Văn Chí mà sửa thành dấu ""sắc"" thành dấu ""nặng"" nên mới có tên gọi như ngày nay, người em gái tên là Nguyễn Thị Thành ốm chết trên đường chạy loạn."
44,"Miền Bắc và Đông Bắc Bắc Bộ Miền Tây Bắc và Bắc Trung Bộ Miền Nam Trung Bộ và Nam Bộ."
45,Giải thưởng Quả bóng vàng châu Âu đã từng hợp nhất với Cầu thủ xuất sắc nhất thế giới của FIFA từ năm 1991 đến năm 2016.
46,Chủ tịch Quốc hội Việt Nam hiện nay là ông Vương Đình Huệ. Ông là Chủ tịch Quốc hội Việt Nam từ năm 2021.
47,"Xã hội nguyên thủy là giai đoạn đầu tiên và dài nhất trong lịch sử phát triển của loài người, từ khi có con người xuất hiện trên Trái Đất đến khi xã hội nguyên thủy chuyển đổi thành xã hội giai cấp và xuất hiện chế độ nhà nước."
48,Erling Haaland hiện đang chơi cho câu lạc bộ Premier League Manchester City và Đội tuyển bóng đá quốc gia Na Uy.
49,"Các dấu hiệu và triệu chứng của hội chứng hô hấp cấp tính nặng bao gồm sốt, đau cơ, triệu chứng hôn mê, ho, đau họng và một số triệu chứng không đặc hiệu."
50,"Đoạn văn đề cập rằng các cải cách kinh tế đã dẫn đến việc thành lập Kinh tế thị trường định hướng xã hội. Những cải cách này bao gồm tự do hóa thị trường, tư nhân hóa các doanh nghiệp nhà nước và tạo ra một sàn giao dịch chứng khoán cho cả doanh nghiệp nhà nước và doanh nghiệp ngoài quốc doanh."
51,Thành phố trực thuộc trung ương (Việt Nam) là một loại hình đơn vị hành chính cấp tỉnh của Việt Nam. Đây là các thành phố nằm dưới sự quản lý của trung ương.
52,Kênh đào Suez được khởi công vào ngày 25 tháng 4 năm 1859 và hoàn thành vào ngày 17 tháng 11 năm 1869.
53,"Tên gọi của cơ quan lập pháp này là Quốc hội, ban đầu được gọi là Quốc dân Đại hội hay Toàn quốc Đại biểu Đại hội. Hiến pháp năm 1946 xác định tên chính thức của cơ quan lập pháp là Nghị viện Nhân dân, nhưng tên gọi này không được công bố/thực thi trong hoàn cảnh chiến tranh. Hiến pháp năm 1959 được thông qua tại kỳ họp thứ 11 (Quốc hội khóa I) và được Chủ tịch nước ký lệnh công bố vào ngày 01 tháng 1 năm 1960. Cho đến nay, tên gọi này là tên gọi cố định cho ""cơ quan đại biểu cao nhất của nhân dân, cơ quan quyền lực nhà nước cao nhất"" của Việt Nam."
54,"Mục đích của Hội nghị là thành lập Đảng Cộng sản Việt Nam, một tổ chức chính trị do Nguyễn Ái Quốc lãnh đạo. Hội nghị được tổ chức từ ngày 6 tháng 1 đến ngày 7 tháng 2 năm 1930 tại Hương Cảng (Hồng Kông), Trung Quốc."
55,"Đúng vậy, Phổ Nghi đã lên ngôi hoàng đế lúc mới 2 tuổi."
56,"Biển xe cơ giới Việt Nam do Bộ Quốc phòng cấp cho các đơn vị, cơ quan thuộc LLVT do Bộ quản lý. Biển xe có nền màu đỏ, chữ và số màu trắng gồm mã (2 chữ cái - như bảng dưới) và 4 chữ số (biểu thị thứ tự, đối với xe máy là 3 chữ số): Trong quân đội còn một số ký hiệu mới mà chưa biết ví dụ như: AN."
57,Qatar đã thắng thầu đăng cai tổ chức Cúp bóng đá châu Á 2023.
58,Số lượng đại biểu của Quốc hội khóa đầu tiên bị giảm so với ngày đầu thành lập vì Quốc hội rút ngắn nhiệm kỳ để tiến hành cuộc Tổng tuyển cử bầu Quốc hội chung của đất nước thống nhất.
59,"Phương pháp lặp phổ biến nhất để tính căn bậc hai mà không dùng máy tính được biết đến với tên gọi ""phương pháp Babylon hay ""phương pháp Heron"" theo tên người đầu tiên mô tả nó, triết gia người Hy Lạp Heron of Alexandria."
60,"Đội tuyển bóng đá quốc gia Argentina đã vô địch 15 mùa World Cup. Họ đã vô địch World Cup năm 1930, World Cup năm 1934, World Cup năm 1938, World Cup năm 1950, World Cup năm 1954, World Cup năm 1962, World Cup năm 1966, World Cup năm 1970, World Cup năm 1974, World Cup năm 1978, World Cup năm 1982, World Cup năm 1986, World Cup năm 1990, World Cup năm 1994, World Cup năm 1998, World Cup năm 2002 và World Cup năm 2006."
61,"Không có thông tin cụ thể về việc sách giáo khoa có thể bao gồm nhiều bộ sách không. Tuy nhiên, có đề cập rằng sách giáo khoa chỉ tồn tại duy nhất cho một môn học từ năm 2002-2020."
62,"Phim Hẹn hò chốn công sở được phát sóng trên SBS TV vào thứ Hai và thứ Ba hàng tuần lúc 22:00 (KST) từ ngày 28 tháng 2 đến ngày 5 tháng 4, 2022."
63,"Lisa là một nữ rapper, ca sĩ, nhạc sĩ và vũ công người Thái Lan. Cô là thành viên nhỏ tuổi nhất của nhóm nhạc nữ Hàn Quốc Blackpink trực thuộc YG Entertainment."
64,"Chợ Giáng sinh là một chợ đường phố truyền thống được tổ chức vào dịp Giáng sinh. Chợ Giáng sinh có nguồn gốc tại Đức và Đông Bắc nước Pháp. Chợ Giáng sinh là một phần văn hóa truyền thống của Đức, Áo và Đông bắc Pháp trong dịp Giáng sinh. Nó cũng được phổ biến đến nhiều quốc gia khác trên thế giới."
65,"Đồng bằng sông Hồng nằm ở khu vực phía bắc và đông bắc của Việt Nam. Nó trải rộng từ vĩ độ 21°34´B (huyện Lập Thạch) đến vùng bãi bồi khoảng 19°5´B (huyện Kim Sơn), từ 105°17´Đ (huyện Ba Vì) đến 107°7´Đ (trên đảo Cát Bà). Toàn vùng có diện tích 21.259,6  km², tỷ lệ khoảng 4,5% tổng diện tích cả nước."
66,"Đại dịch là một loại virus cúm mới lây nhiễm cho con người. Nó có thể lây lan từ động vật sang người và cuối cùng lây lan trên toàn cầu. WHO chia đại dịch thành 6 giai đoạn, mô tả quá trình một loại virus cúm mới nhiễm trùng vài người đầu tiên rồi phát triển thành dịch."
67,"Tính từ là những từ chỉ đặc điểm, tính chất của sự vật, trạng thái."
68,Truyện Kiều được giảng dạy trong môn Ngữ văn lớp 9 và lớp 10.
69,"Chủ tịch Quốc hội là người đứng đầu Ủy ban Thường vụ Quốc hội và đương nhiên là người đứng đầu Quốc hội, do Quốc hội bầu ra từ các Đại biểu Quốc hội. Chủ tịch Quốc hội không được đồng thời là thành viên của Chính phủ. Chủ tịch Quốc hội đầu tiên năm 1946 là Nguyễn Văn Tố. Chủ tịch Quốc hội hiện nay là ông Vương Đình Huệ (2021-nay)."
70,"Ông Đoàn Ngọc Hải nổi tiếng vì ông là người có học vấn cao, sở hữu ba bằng cử nhân đại học. Ông là một người thành công trong lĩnh vực kinh doanh và là một nhân vật nổi tiếng trong cộng đồng người Việt ở Mỹ."
71,"Vào năm 1950, Phổ Nghi được hồi hương do Stalin mong muốn làm ấm lại quan hệ với Mao Trạch Đông."
72,"Đoạn trường tân thanh là một truyện thơ của đại thi hào Nguyễn Du, thường được gọi là Truyện Kiều. Đoạn trường tân thanh là một truyện thơ gồm 3.254 câu, được viết bằng chữ Nôm theo thể lục bát."
73,"Hồ Chí Minh chọn ngày 2 tháng 9 năm 1945 là ngày ra mắt quốc dân vì nó rơi vào ngày Chủ nhật, ngày nghỉ và mọi người được nghỉ việc."
74,"Người Mỹ Latinh có sự đa dạng về tổ tiên, sắc tộc và chủng tộc, và khiến khu vực là một trong những nơi đa dạng chủng tộc nhất thế giới. Người da đỏ chiếm đa số ở một số nước, trong khi người da trắng chiếm ưu thế ở một số nước. Người da đen chiếm ưu thế tại một số nước, trong khi người da đen-da đỏ chiếm ưu thế tại một số nước. Người có nguồn gốc châu Âu là nhóm đơn lẻ lớn nhất, và cùng với những người có một phần gốc Âu, họ chiếm xấp xỉ 80% tổng dân số, hoặc hơn."
75,"Cấu trúc của tòa nhà Landmark 81 là các khối chụm lại với nhau, bao gồm 36 khối có chiều cao khác nhau, được nhóm lại trong một ma trận 6×6."
76,"Sự cố tàu Ever Given trên kênh Suez đã gây ra tắc nghẽn tuyến đường hàng hải quan trọng bậc nhất thế giới, chiếm 12% tổng lưu lượng giao thông hàng hải toàn cầu bị đình trệ trong nhiều ngày. Ước tính có hàng trăm tàu bị kẹt ở Port Said (phía Địa Trung Hải) và hàng trăm tàu khác bị kẹt ở Port Suez (phía Biển Đỏ)."
77,"Câu tiếng Thái mà Thùy Tiên nói trong cuộc thi Hoa hậu Hòa bình Quốc tế 2021 có nghĩa là ""Làm cho thế giới trở thành một nơi tốt đẹp hơn cho tất cả mọi người""."
78,"Thủ môn thường phải mặc màu áo khác với các cầu thủ khác trong đội nhà, đội đối phương, trọng tài và đôi khi là thủ môn của đối phương."
79,"Hệ thống cổ điển của mười hai vị thần trên đỉnh Olympus bao gồm các vị thần sau:
1. Zeus (thần chủ)
2. Hades (thần cai ngục)
3. Poseidon (thần biển)
4. Hestia (thần nấu ăn)
5. Hades (thần cai ngục)
6. Poseidon (thần biển)
7. Hestia (thần nấu ăn)
8. Zeus (thần chủ)
9. Hades (thần cai ngục)
10. Poseidon (thần biển)
11. Hestia (thần nấu ăn)
12. Hades (thần cai ngục)"
80,"Tính đến nay, chức vụ cao nhất của ông Phan Văn Giang từng nắm giữ là Bộ trưởng Bộ Quốc phòng Việt Nam. Ông là Đại tướng, tướng lĩnh người Việt Nam, quân hàm Đại tướng. Ông hiện là Bộ trưởng Bộ Quốc phòng Việt Nam, Đại biểu Quốc hội Việt Nam khóa XV thuộc đoàn đại biểu Quốc hội tỉnh Thái Nguyên. Trong Đảng Cộng sản Việt Nam, ông hiện là Ủy viên Bộ Chính trị khóa XIII, Phó Bí thư Quân ủy Trung ương."
81,Tên lửa hành trình mang đầu đạn hạt nhân.
82,"Hoàn cảnh ra đời ""Truyện Kiều"" của Nguyễn Du là sau khi ông đi sứ Trung Quốc vào năm 1813-1814."
83,"Tiếng Trung Quốc, tiếng Trung, tiếng Hoa, tiếng Hán, tiếng Trung văn, tiếng Hoa ngữ, tiếng Hoa văn, tiếng Hán ngữ, là một nhóm các ngôn ngữ tạo thành một ngữ tộc trong ngữ hệ Hán-Tạng."
84,"Đông Nam Bộ có 5 tỉnh: Bà Rịa – Vũng Tàu, Bình Dương, Bình Phước, Đồng Nai và Tây Ninh."
85,"Hiện nay, trong tiếng Việt có thể phối hợp 2 cách phân loại này."
86,Vạn Lý Trường Thành được khởi công dưới thời nhà Minh vào năm 1368 và hoàn thành vào năm 1644.
87,"Năm 1885, Henry Bessemer đã phát minh ra lò cao có khả năng luyện gang lỏng thành thép."
88,Có. Một ước tính cho thấy coronavirus OC43 lây bệnh cho con người đã chuyển hướng từ coronavirus của bò vào năm 1890.
89,"Tên đĩa đơn đầu tiên của Nhóm Aespa là ""Black Mamba"". Thông tin này được đề cập trong đoạn văn nhất định, trong đó nói rằng ""Aespa aespa (cách điệu: æspa, ) là một nhóm nhạc nữ Hàn Quốc gồm 4 thành viên: Karina, Giselle, Winter và Ningning do công ty giải trí SM Entertainment thành lập và quản lý."""
90,"Áo dài Trần Lệ Xuân được thiết kế bởi bà Trần Lệ Xuân, Đệ Nhất Phu Nhân của nước Việt Nam Cộng Hòa. Bà đã thiết kế ra kiểu áo dài cách tân mới bỏ đi phần cổ áo gọi là áo dài cổ thuyền, cổ hở, cổ khoét, dân gian gọi là ""áo dài Trần Lệ Xuân"" hay ""áo dài bà Nhu""."
91,Trí tuệ nhân tạo là một thuật ngữ được sử dụng để mô tả các chương trình máy tính có khả năng hiểu và hiểu ngôn ngữ và các kỹ năng khác. Nó thường được sử dụng để mô tả các chương trình máy tính có khả năng hiểu và hiểu ngôn ngữ và các kỹ năng khác.
92,"Hội Thanh niên Cách mạng Việt Nam được thành lập từ 9 thành viên của Tâm Tâm xã đã được Nguyễn Ái Quốc giác ngộ. Trong số các thành viên lớp đầu có Hồ Tùng Mậu, Lê Hồng Sơn, Lê Hồng Phong, Vương Thúc Oánh, Trương Vân Lĩnh, Lưu Quốc Long, Lâm Đức Thụ, Nguyễn Thanh Phúc."
93,Dương Tử và Dương Tử. Họ là một cặp đôi trong bộ phim Hương mật tựa khói sương.
94,Bắc Ninh có 17 Trạng nguyên và 622 Tiến sĩ.
95,Kênh đào Suez được hoàn thành vào ngày 17 tháng 11 năm 1869.
96,"Google Dịch được tạo ra để dịch nhiều dạng văn bản và phương tiện như từ, cụm từ và trang web. Ban đầu nó được phát hành dưới dạng bản dịch máy thống kê (Statistical Machine Translation - SMT) và sau đó được giới thiệu ứng dụng Android và phiên bản iOS vào tháng 2 năm 2011. Tính đến tháng 2 năm 2010, nó đã được tích hợp vào các trình duyệt như Chrome và có thể phát âm văn bản, tự động nhận dạng các từ trong hình ảnh và phát hiện các văn bản và ngôn ngữ lạ."
97,Trọng tài sẽ cho đội đối phương hưởng quả phạt gián tiếp tại nơi xảy ra lỗi.
98,Thế vận hội Mùa hè 2020 được tổ chức vào năm 2021 vì nó được tổ chức vào năm 2021.
99,Đội tuyển bóng đá quốc gia Brazil được giữ chiếc cúp Jules Rimet vĩnh viễn vì họ là đội tuyển bóng đá quốc gia do Liên đoàn bóng đá Brazil quản lý và đại diện Brazil tham dự đấu trường quốc tế.
100,"Vị trí địa lý của Trung du và miền núi Bắc Bộ là một lợi thế, vì nó nằm ở phía bắc, phía tây giáp Lào, phía nam và đông nam giáp Bắc Trung Bộ. Vị trí địa lý này đã tạo điều kiện thuận lợi cho giao lưu với các vùng khác trong nước và xây dựng nền kinh tế mở."
101,"Ô nhiễm môi trường là hiện tượng môi trường tự nhiên bị ô nhiễm bởi việc đưa hóa chất gây ô nhiễm vào môi trường tự nhiên, đồng thời các tính chất vật lý, hóa học, sinh học của môi trường bị thay đổi gây tác hại tới sức khỏe con người và các sinh vật khác."
102,"Ông Nguyễn Phú Trọng hiện đang giữ chức vụ Tổng Bí thư Ban Chấp hành Trung ương Đảng Cộng sản Việt Nam, Bí thư Quân ủy Trung ương, Ủy viên Thường vụ Đảng ủy Công an Trung ương, Trưởng Ban Chỉ đạo Trung ương về phòng, chống tham nhũng, tiêu cực, Đại biểu Quốc hội Việt Nam khóa XV nhiệm kì 2021 - 2026 và là một trong những Đại biểu thuộc Đoàn Đại biểu Quốc hội thành phố Hà Nội."
103,"Zalo được sử dụng ở các quốc gia như Hoa Kỳ, Nhật Bản, Đài Loan, Hàn Quốc, Úc, Đức, Myanmar và Singapore."
104,"Vạn Lý Trường Thành được xây dựng để bảo vệ Trung Hoa khỏi những cuộc tấn công của người Hung Nô, Mông Cổ, Đột Quyết và những bộ tộc du mục khác đến từ những vùng hiện thuộc Mông Cổ và Mãn Châu."
105,Euro đã được tổ chức tại Pháp ba lần. Giải đấu đầu tiên được tổ chức vào năm 1960 và được tổ chức vào các năm chẵn giữa các giải đấu World Cup. Giải đấu thứ hai được tổ chức vào năm 1968 và được tổ chức vào các năm chẵn giữa các giải đấu World Cup. Giải đấu thứ ba được tổ chức vào năm 1996 và được tổ chức vào các năm chẵn giữa các giải đấu World Cup.
106,Nhiều người đến gặp bà Vanga trong thời gian Thế chiến thứ hai vì bà được biết đến là người có mối quan hệ gần gũi với chính phủ Todor Zhivkov và xuất hiện trên ti vi cùng với những quan chức cấp cao trong Đảng cộng sản.
107,"Năm 10 tuổi, diễn viên Bright đã học một số loại nhạc cụ, bao gồm guitar, bass và trống. Anh ấy đã tốt nghiệp chương trình giáo dục trung học cơ sở tại Trường Suankularn Witayalai và chương trình giáo dục trung học phổ thông tại trường Triam Udom Suksa."
108,"Trong lần tổ chức kỷ niệm 100 năm của giải Copa América, đã có những thay đổi về chiếc cúp Copa América. Chiếc cúp ban đầu được trao cho ĐTQG vô địch giải đấu, nhưng sau đó đã được trao cho CONMEBOL bởi Bộ Ngoại giao Argentina vào năm 1910. Chiếc cúp hiện tại được mua vào năm 1916 từ ""Casa Escasany"", một cửa hàng bán đồ trang sức ở Buenos Aires, với giá 3.000 franc Thụy Sĩ. Chiếc cúp có trọng lượng 9 kg (20 lb), được làm bằng bạc nguyên chất cao 77 cm (30 inch), với đế bằng gỗ 3 cấp có chứa nhiều mảng. Các tấm mảng được khắc tên các đội tuyển vô địch trong lịch sử."
109,Đội bóng đá vô địch giải Euro đầu tiên do UEFA tổ chức là đội tuyển Ý. Họ đã vượt qua đội tuyển Anh bằng loạt đá luân lưu tại Euro 2020.
110,"Các ngành công nghiệp mà đồng bằng sông Hồng có là: luyện kim, cơ khí, hóa chất, vật liệu xây dựng, chế biến thực phẩm, sản xuất hàng tiêu dùng, nhiệt điện."
111,"Nhóm nhạc Aespa gồm 4 thành viên: Karina, Giselle, Winter và Ningning. Họ là thành viên của công ty giải trí SM Entertainment và ra mắt vào ngày 17 tháng 11 năm 2020 với đĩa đơn đầu tay ""Black Mamba""."
112,"Kiến thức trong sách giáo khoa bao gồm những nội dung cụ thể của chương trình phổ thông, được biên soạn cho cùng một môn học. Nó bao gồm phần kiến ​​thức và phần nội dung về rèn luyện các kỹ năng."
113,"Mười hai con giáp là một sơ đồ phân loại dựa trên âm lịch gán một con vật và các thuộc tính đã biết của nó cho mỗi năm trong một chu kỳ 12 năm lặp lại. Chu kỳ 12 năm xấp xỉ 11,85 năm của chu kỳ quỹ đạo Sao Mộc."
114,"12 vị thần trên đỉnh Olympus bao gồm các vị thần nam, nữ và á thần. Những vị thần này thường không được tính là thần trên đỉnh Olympus, nhưng họ cũng khá gần gũi với họ."
115,Giải vô địch bóng đá thế giới 2014 được tổ chức tại Brasil.
116,"Bắc Ninh có một số đồi thấp độ cao không quá 200 mét. Vùng đồng bằng có độ cao phổ biến từ 3-7 mét, trong khi địa hình trung du có một số dải đồi thấp độ cao không quá 200 mét."
117,"Nguyễn Trãi viết Bình Ngô đại cáo để tuyên bố chiến thắng trong cuộc kháng chiến chống lại nhà Minh, khẳng định sự độc lập của nước Đại Việt. Đây là bản Tuyên ngôn độc lập thứ hai của Việt Nam, sau bài ""Nam quốc sơn hà""."
118,"Để tính chu vi hình bình hành, ta lấy đường kính nhân 3,14 hoặc bán kính nhân 2 rồi nhân 3,14."
119,Tuyên ngôn độc lập được viết bởi Hồ Chí Minh và đọc trước công chúng tại vườn hoa Ba Đình (nay là Quảng trường Ba Đình) ngày 2 tháng 9 năm 1945.
120,NATO là một liên minh quân sự được thành lập vào ngày 4 tháng 4 năm 1949. Mục đích ban đầu của nó là ngăn chặn sự phát triển ảnh hưởng của chủ nghĩa Cộng sản và Liên Xô.
121,"Nhà nước Văn Lang nằm ở một phần của Trung Quốc, Bắc Bộ và Bắc Trung Bộ ngày nay."
122,"Coronavirus là một nhóm gồm các loại virus thuộc phân họ ""Coronavirinae"" trong Họ ""Coronaviridae"", theo Bộ Nidovirales. Coronavirus gây bệnh ở các loài động vật có vú, bao gồm cả con người và chim. Ở người, virus gây nhiễm trùng đường hô hấp thường là nhẹ nhưng trong trường hợp ít gặp có thể gây tử vong."
123,"Google Dịch sử dụng công nghệ Dịch máy Neural (Neural Machine Translation - NMT) đối với phần lớn các cặp ngôn ngữ, cho kết quả chính xác hơn so với các phương pháp khác."
124,"""Bánh trôi nước"" và ""Tự tình II""."
125,"Tứ giác kinh tế trọng điểm là một khu vực kinh tế trọng điểm bao gồm Thành phố Hồ Chí Minh, Bình Dương, Đồng Nai và Bà Rịa – Vũng Tàu."
126,"Bộ Công an (tiền thân là Bộ Nội vụ) là cơ quan công quyền trực thuộc Chính phủ Việt Nam, thực hiện chức năng quản lý nhà nước về an ninh trật tự, an toàn xã hội; phản gián; điều tra phòng chống tội phạm; phòng cháy chữa cháy và cứu hộ; thi hành án hình sự, thi hành án không phải phạt tù, tạm giữ, tạm giam; bảo vệ, hỗ trợ tư pháp; quản lý nhà nước các dịch vụ công trong ngành, lĩnh vực thuộc phạm vi quản lý nhà nước của Bộ. Bộ Công an là cơ quan quản lý Lực lượng Công an nhân dân Việt Nam."
127,"Kênh đào Suez được hoàn thành bởi Ai Cập. Nó được khởi công vào ngày 25 tháng 4 năm 1859 và hoàn thành vào ngày 17 tháng 11 năm 1869. Khi hoàn thành, kênh đào Suez dài 193,30 km (120,11 dặm), khúc hẹp nhất là 60 m, và độ sâu tại đó là 24 m đủ khả năng cho tàu lớn 250.000 tấn qua được."
128,"Bác sĩ riêng của Hồ Chí Minh, Vũ Đình Tụng, người là một giáo dân Công giáo, đã đề xuất lấy ngày 2 tháng 9 làm ngày Quốc khánh."
129,"Bộ phim ""Mắt biếc"" đã được chọn vào danh sách đề cử rút gọn tại Giải Oscar 2021."
130,"Chữ Hán cổ nhất được cho là loại chữ Giáp Cốt (Giáp cốt văn 甲骨文), chữ viết xuất hiện vào đời nhà Ân (殷) vào khoảng 1600-1020 trước Công Nguyên."
131,"Mục đích của Ngày Quốc tế nam giới là làm chú ý đến sự phân biệt đối xử đối với nam giới và trẻ em trai trong các lĩnh vực y tế, luật gia đình, giáo dục và truyền thông, cũng như để vinh danh những thành tựu tích cực và đóng góp của nam giới."
132,Thời gian đàm phán Hiệp định Paris 1973 diễn ra trong khoảng từ tháng 5 năm 1968 đến tháng 1 năm 1973.
133,"Khi cờ tàn còn Pháo, phải chú ý bảo vệ Sĩ vì Sĩ còn được dùng để làm ngòi cho Pháo tấn công."
134,"Đối tác chiến lược toàn diện trong quan hệ ngoại giao của Việt Nam bao gồm các nước sau: Trung Quốc, Nga, Ấn Độ, Hàn Quốc, Nhật Bản, Tây Ban Nha, Vương quốc Liên hiệp Anh và Bắc Ireland, Đức, Ý, Pháp, Indonesia, Thái Lan, Singapore, Malaysia, Philippines, Úc, New Zealand, Nam Phi, Venezuela, Chile, Brazil, Argentina, Ukraina, Hoa Kỳ, Đan Mạch, Myanmar, Canada, Hungary, Brunei, Hà Lan"
135,Lucifer phản bội đức tin của mình vì không muốn phải phục vụ con người và cho rằng loài người mới là những kẻ hạ đẳng. Lucifer triệu tập tất cả những thiên thần nổi loạn ủng hộ mình và khơi mào cho cuộc Chiến tranh trên Thiên đàng.
136,"Lý Thái Tổ chọn đặt kinh đô tại Hoa Lư, một vị trí cố thủ tự nhiên giữa những mỏm núi đá nằm bên rìa phía Đông Nam đồng bằng sông Hồng, kiểm soát tuyến đường đất từ đồng bằng sông Hồng tới các tỉnh phía Nam, cũng là tiền đồn của những tỉnh phía Nam nhìn ra đồng bằng sông Hồng."
137,"Ông Huỳnh Uy Dũng đã cùng với vợ ông là bà Nguyễn Phương Hằng lên tiếng cáo buộc ông Võ Hoàng Yên với hành vi chữa bệnh bằng cách bấm huyệt, lừa đảo chiếm đoạt tiền cứu trợ lũ lụt, xây chùa mà hai người quyên góp."
138,Mbappé đã ký hợp đồng với Paris Saint-Germain vào năm 2017 ở tuổi 18.
139,"Biển Đông là tên riêng mà Việt Nam dùng để gọi vùng biển có tên quốc tế là South China Sea (tiếng Anh, nghĩa là biển ở phía Nam Trung Quốc) hay Mer de Chine méridionale (tiếng Pháp), là một biển rìa lục địa và là một phần của Thái Bình Dương, trải rộng từ Singapore tới eo biển Đài Loan và bao phủ một diện tích khoảng 3.447.000 km²."
140,"Đoạn văn: Đường lên đỉnh Olympia năm thứ 20. Phát sóng: 20h10 ngày 19 tháng 9 năm 2020 trên VTV1. Tổng kết chung cuộc. Dưới đây là thống kê các số điểm cao của các phần thi và các số phát sóng mà mỗi thí sinh giành được và số thí sinh của các tỉnh, thành đã tham gia chương trình. Số liệu được lấy từ thống kê các số phát sóng phía trên."
141,"SEAP Games đầu tiên được tổ chức tại Bangkok từ 12-17 tháng 12, 1959 với hơn 527 vận động viên và quan chức thể thao đến từ Thái Lan, Miến Điện, Malaysia, Singapore, Việt Nam và Lào tham dự trong 12 môn thể thao."
142,"Hoa hậu Hòa bình Quốc tế lần đầu tiên được tổ chức vào năm 2013 tại Băng Cốc, Thái Lan."
143,"Mục đích của Đài Á Châu Tự Do là cung cấp một diễn đàn cho nhiều ý kiến và tiếng nói trong các quốc gia cộng sản, chẳng hạn như Hoa Kỳ, Trung Quốc và các quốc gia khác."
144,"Quốc hội khóa XII có 450 đại biểu, được bầu vào ngày 20 tháng 7 năm 1997. Kỳ họp đầu tiên được tổ chức vào ngày 18 tháng 9 đến ngày 29 tháng 9 năm 1997."
145,"Tầng lớp Itaewon có sự tham gia của dàn diễn viên gồm Park Seo-joon, Kim Da-mi, Yoo Jae-myung và Kwon Nara."
146,"Các dân tộc tại Việt Nam chủ yếu sinh sống tại các vùng đồng bằng, hải đảo và tại các khu đô thị."
147,"Hải Dương nằm trong vùng khí hậu cận nhiệt đới ẩm, chia làm 4 mùa rõ rệt (mùa xuân, mùa hạ, mùa thu, mùa đông). Vào giai đoạn từ tiết lập xuân đến tiết thanh minh (khoảng đầu tháng 2 - đầu tháng 4 dương lịch) có hiện tượng mưa phùn và nồm là giai đoạn chuyển tiếp từ mùa khô sang mùa mưa. Mùa mưa kéo dài từ tháng 5 đến tháng 9 hàng năm."
148,"Tôn Đức Thắng bị thực dân Pháp bắt ở Sài Gòn vào năm 1928. Cảnh sát thực dân Pháp gán cho ông vào tội chủ mưu giết người trong vụ ám sát một người hợp tác với chính quyền thuộc địa Nam Kỳ tên là Phát do các đồng chí của ông thực hiện, đường Barbier (nay là đường Thạch Thị Thanh)."
149,SNH48 đã tách ra khỏi 48 Group vào năm 2015 chính thức không còn là nhóm chị em với AKB48 vì tranh chấp hợp đồng lợi nhuận.
150,"Quân đội nhân dân Việt Nam được thành lập vào ngày 19 tháng 4 năm 1946. Tên ban đầu là Quân đội nhân dân Việt Nam, sau đó được đổi thành Quân đội nhân dân. Quân đội nhân dân Việt Nam là một quân đội được thành lập bởi Hồ Chí Minh và Đảng Cộng sản Việt Nam. Quân đội nhân dân Việt Nam được thành lập để bảo vệ tính mạng, tài sản và quyền làm chủ của nhân dân, bảo vệ nền độc lập và bản sắc dân tộc."
151,"Bình Ngô đại cáo do Nguyễn Trãi sáng tác vào mùa xuân năm 1428, thay lời Bình Định Vương Lê Lợi để tuyên cáo về việc giành chiến thắng trong cuộc kháng chiến với nhà Minh, khẳng định sự độc lập của nước Đại Việt."
152,"Ông Hoàng Trung Hải bị xem xét kỷ luật vì thời gian làm Phó Thủ tướng đã có vi phạm, khuyết điểm khi cho một số ý kiến chỉ đạo đối với Dự án TISCO II."
153,"Quân chủng Phòng không – Không quân, Quân đội nhân dân Việt Nam. Quân chủng Phòng không – Không quân, Quân đội nhân dân Việt Nam Quân chủng Phòng không – Không quân là một trong ba quân chủng của Quân đội nhân dân Việt Nam trực thuộc Bộ Quốc phòng, có nhiệm vụ chiến đấu bảo vệ không phận, mặt đất và biển đảo Việt Nam; cứu trợ, tìm kiếm cứu nạn và các nhiệm vụ khác."
154,"Kênh VTV3 được thành lập vào năm 1996. Đến năm 1998, kênh được phát sóng qua vệ tinh đến các địa phương trên toàn quốc. Các kênh VTV4, VTV5 (cùng các kênh khu vực), VTV6, VTV7, VTV8, VTV9, VTV Cần Thơ bắt đầu lên sóng lần lượt trong các năm sau đó."
155,"Đúng vậy, lá cờ đỏ sao vàng được Lê Quý Trinh sáng tạo ra. Bài báo đề cập rằng lá cờ ban đầu được thiết kế bởi Việt Nam Dân chủ Cộng hòa và sau đó được chính thức sử dụng bởi Việt Nam Dân chủ Cộng hòa. Sau khi chiến tranh Việt Nam kết thúc và hai miền thống nhất, lá cờ tiếp tục trở thành quốc kỳ Cộng hòa Xã hội chủ nghĩa Việt Nam thông qua Kỳ họp thứ nhất, Quốc hội Việt Nam khóa VI."
156,Nhà thờ chính tòa Đức Bà Sài Gòn có sức chứa khoảng 1.000 người. Đây là một trong những nhà thờ chính tòa lớn nhất ở Việt Nam và là một trong những công trình kiến ​​trúc độc đáo của Thành phố Hồ Chí Minh.
157,"- Lý Thái Tổ tên thật là Lý Công Uẩn, người châu Cổ Pháp (thuộc Từ Sơn, Bắc Ninh).
- Ông có một anh trai và một em trai.
- Ông còn có một người chú được phong Vũ Đạo vương."
158,"Hiện nay, ông Phan Văn Giang có quân hàm là Đại tướng. Ông là một tướng lĩnh, chính trị gia người Việt Nam, hiện là Bộ trưởng Bộ Quốc phòng Việt Nam, Đại biểu Quốc hội Việt Nam khóa XV thuộc đoàn đại biểu Quốc hội tỉnh Thái Nguyên."
159,"Quân chủng Phòng không – Không quân, Quân đội nhân dân Việt Nam. Quân chủng Phòng không – Không quân, Quân đội nhân dân Việt Nam là một trong ba quân chủng của Quân đội nhân dân Việt Nam trực thuộc Bộ Quốc phòng, có nhiệm vụ chiến đấu bảo vệ không phận, mặt đất và biển đảo Việt Nam; cứu trợ, tìm kiếm cứu nạn và các nhiệm vụ khác."
160,Vũ khí hạt nhân đã gây ra hậu quả đáng kể cho con người. Nó đã giết chết khoảng 200.000 người và phá hủy một số thành phố.
161,"Tôn Thất Tùng có 3 người con, đều theo ngành y. Ông có một người con gái tên Tôn Nữ Ngọc Trân, một người con trai tên Tôn Thất Bách và một người con gái tên Tôn Nữ Hồng Tâm."
162,"Chủ tịch nước có vai trò là Thống lĩnh của Quân đội nhân dân Việt Nam và giữ vai trò là Chủ tịch Hội đồng Quốc phòng và An ninh thông qua Hội đồng Quốc phòng và An ninh. Quân ủy Trung ương là cơ quan lãnh đạo của Đảng Cộng sản Việt Nam trong Quân đội nhân dân Việt Nam, được thành lập vào tháng 1 năm 1946 do Tổng Bí thư Đảng Cộng sản Việt Nam trực tiếp làm Bí thư Quân ủy Trung ương. Do Việt Nam là nước đơn đảng, Đảng lãnh đạo Nhà nước và xã hội, lãnh đạo Quân đội trực tiếp, tuyệt đối nên Tổng Bí thư (kiêm nhiệm Bí thư Quân ủy Trung ương) là chức danh lãnh đạo cao nhất đối với quân đội."
163,"Đập Tam Hiệp nằm ở Tam Đẩu Bình, Nghi Xương, tỉnh Hồ Bắc, Trung Quốc."
164,"Theo Forbes, tài sản của ông Phạm Nhật Vượng trị giá 8,3 tỷ USD vào đầu tháng 12 năm 2021."
165,"Daniel ""C418"" Rosenfeld là người sản xuất âm thanh cho trò chơi Minecraft."
166,"Chiếu Cần Vương kêu gọi nhân dân cùng tham gia chống Pháp, khôi phục nền độc lập, khôi phục chế độ phong kiến có vua là người tài giỏi."
167,"Gia Lai là một tỉnh vùng cao nằm ở phía bắc Tây Nguyên trên độ cao trung bình 700 - 800 mét so với mực nước biển. Nó cách Hà Nội 1120 km, cách Đà Nẵng 396 km, cách Thành phố Hồ Chí Minh 491 km."
168,Các thành viên chính thức của chương trình và khách mời cùng tham gia trò chơi và làm nhiệm vụ để giành chiến thắng trong mỗi cuộc đua.
169,"Nguyễn Văn Nên bắt đầu sự nghiệp công tác của mình ở quê nhà Tây Ninh khi mới 18 tuổi, thuộc lĩnh vực công an nhân dân. Từ tháng 4 năm 1975 đến tháng 9 năm 1985, ông là chiến sĩ cảnh sát hình sự rồi Đội trưởng hình sự của Công an huyện Gò Dầu, tỉnh Tây Ninh. Tháng 10 năm 1985, ông được bầu làm Huyện ủy viên, Bí thư chi bộ, Phó Trưởng Công an huyện Gò Dầu. Tháng 1 năm 1988, ông được giữ nhiệm vụ Quyền Trưởng Công an huyện Gò Dầu và chính thức trở thành Ủy viên Ban Thường vụ Huyện ủy, Trưởng Công an huyện Gò Dầu. Lúc này, ông 32 tuổi, giữ vị trí lãnh đạo cấp cao của Huyện ủy và toàn bộ huyện Gò Dầu, huyện phía Nam tỉnh Tây Ninh. Tháng 1 năm 1992, ông được bổ nhiệm làm Phó Bí thư thường trực Huyện ủy, Chủ tịch Hội đồng nhân dân huyện Gò Dầu. Ông chính thức chuyển đổi lĩnh vực của sự nghiệp, kết thúc 17 năm trong ngành công an nhân dân, bắt đầu sự nghiệp lãnh đạo tổ chức Đảng và Chính quyền địa phương. Tháng 4 năm 1996, ông được bổ nhiệm thăng cấp làm Tỉnh ủy viên, Bí thư Huyện ủy kiêm Chủ tịch Hội đồng nhân dân huyện Gò Dầu. Ông trở thành lãnh đạo toàn diện huyện Gò Dầu. Tháng 8 năm 1999, ông được điều chuyển về tỉnh lỵ, thành phố Tây Ninh, giữ chức vụ Tỉnh ủy viên, Trưởng ban Tổ chức chính quyền tỉnh Tây Ninh, một chức vụ phụ trách nhân lực, cán bộ, công chức, viên chức trong tổ chức tỉnh những thời kỳ trước 2000, được chuyển đổi thành Giám đốc Sở Nội vụ thuộc Ủy ban nhân dân tỉnh từ những năm 2001, 2002. Tháng 2 năm 2001, ông được thăng cấp thành Ủy viên Ban Thường vụ, Trưởng ban Tổ chức Tỉnh ủy Tây Ninh, một trong 13 người lãnh đạo toàn diện tỉnh Tây Ninh. Đến tháng 6 năm 2004, ông là Ủy viên Ban Thường vụ, Trưởng ban Tổ chức Tỉnh ủy Tây Ninh, kiêm Chủ tịch Hội đồng nhân dân tỉnh, Trưởng ban Bảo vệ sức khỏe cán bộ tỉnh Tây Ninh. Tháng 2 năm 2005, ông giữ thêm vị trí Thường trực Ban thường vụ Tỉnh ủy, Chủ tịch Hội đồng nhân dân kiêm Trưởng ban Tổ chức Tỉnh ủy Tây Ninh."
170,"Võ Văn Thưởng theo học chuyên ngành Triết học Marx – Lenin tại Khoa Triết học, Trường Đại học Tổng hợp Thành phố Hồ Chí Minh."
171,Tô Định đã giết Thi Sách để hy vọng dập tắt sớm ý định chống đối.
172,"Năm 19 tuổi, Khổng Tử lấy vợ."
173,Bệnh nhân đầu tiên xác nhận nhiễm bệnh COVID-19 tại Việt Nam là một nam 66 tuổi đến từ Vũ Hán. Anh ta đến thăm con trai ở Việt Nam và bị nhiễm bệnh khi gặp gỡ tại Nha Trang.
174,Leonardo da Vinci.
175,"GDP là viết tắt của ""gross domestic product"", là tổng sản phẩm nội địa. Nó là một chỉ số quan trọng trong kinh tế, cho biết giá trị thị trường của tất cả hàng hóa và dịch vụ được sản xuất trong một lãnh thổ nhất định trong một khoảng thời gian nhất định."
176,"Từ đoạn văn, chúng ta có thể thấy ông Phan Văn Mãi giữ chức Bí thư tỉnh ủy tỉnh Bến Tre từ tháng 11/1995 đến tháng 1/2012. Sau đó, ông Mãi được bầu làm Phó Bí thư Thường trực Tỉnh ủy Bến Tre từ tháng 1/2012 đến ngày 10/3/2014. Từ ngày 11 tháng 3 năm 2014 đến ngày 16 tháng 11 năm 2015, ông Mãi được bầu làm Phó Bí thư Thường trực Tỉnh ủy Bến Tre. Từ ngày 26 tháng 1 năm 2016 đến ngày nay, ông Mãi là Ủy viên Trung ương Đảng."
177,"Binz đã chịu ảnh hưởng từ một số nghệ sĩ trước khi đến Texas. Anh ấy đã nghe một ca khúc của Khanh Nhỏ và sau đó anh ấy đã theo đuổi con đường âm nhạc thần tượng Diddy, Jayz."
178,"Các tên gọi của các cung Hoàng Đạo là mười hai cung 30°Của Hoàng Đạo, bắt đầu từ điểm xuân phân (một trong những giao điểm của Hoàng Đạo với Xích đạo thiên cầu), còn được gọi là Điểm Đầu của Bạch Dương."
179,"Một số công trình liên quan đến Lý Thái Tổ bao gồm đền thờ ở phường Đình Bảng, quận Từ Sơn, tỉnh Bắc Ninh, nơi là quê hương của nhà Lý, và một số di tích ở Hoa Lư, nơi có bài vị phối thờ Hoàng hậu Lê Thị Phất Ngân và Lý Thái Tổ."
180,Ngân hàng TMCP Quân đội khai trương chi nhánh thứ hai tại nước ngoài tại Campuchia vào năm 2010.
181,"""Next Level"" là phiên bản làm lại từ bài hát nhạc phim cùng tên của bộ phim """"."
182,"Trần Đại Quang sinh ra tại thôn Lưu Quang, xã Quang Thiện, huyện Kim Sơn, tỉnh Ninh Bình."
183,"1. Danh từ riêng 2. Danh từ chung"
184,"Mã Morse thường được truyền bằng cách bật tắt khóa của một phương tiện mang thông tin như dòng điện, sóng vô tuyến, ánh sáng nhìn thấy hoặc sóng âm thanh."
185,"Theo đoạn văn, Thúy Kiều có hai chị em. Thuý Kiều là trưởng nữ, còn Thuý Vân là thứ nữ. Tuy nhiên, đoạn văn cũng đề cập rằng Thúy Kiều ""lại là phần hơn"" về tài sắc."
186,"""Vượt ngục"" đã được đề cử cho một số giải thưởng, bao gồm People's Choice Award và Quả cầu vàng năm 2005 cho phim truyền hình hay nhất."
187,"Xã hội nguyên thủy kết thúc do có công cụ lao động mới, tức sự xuất hiện các công cụ kim loại, một số người có khả năng lao động giỏi hơn, tạo ra nhiều của cải hơn đến nỗi dư thừa, hoặc lợi dụng vị trí hay uy tín của mình để chiếm đoạt một phần của cải dư thừa của người khác và trở nên giàu có, còn một số người khác lại khổ cực thiếu thốn."
188,"Maslow đặt ra thuật ngữ siêu năng lực để mô tả mức độ cao nhất và toàn diện nhất của ý thức con người, hành xử và liên hệ, như là kết quả chứ không phải là mức độ trung bình, đối với người khác, đối với con người nói chung, đối với các loài khác, đối với tự nhiên và đối với vũ trụ."
189,"Giải thưởng Quả bóng vàng Châu Âu được tổ chức lần đầu tiên vào năm 1956. Giải thưởng này được trao cho cầu thủ nam có thành tích tốt nhất trong năm trước, dựa trên bình chọn của các nhà báo bóng đá."
190,"Địa hình Tuy Hòa chia làm ba phần rõ rệt, phần đồi núi phía Tây Bắc, phần ven biển phía Đông và phần đồng bằng phù sa phía nam thành phố."
191,"Đột biến sinh học là những biến đổi bất thường trong vật chất di truyền ở cấp độ phân tử (DNA, gen) hoặc cấp độ tế bào (nhiễm sắc thể), dẫn đến sự biến đổi đột ngột của một hoặc một số tính trạng, những biến đổi này có tính chất bền vững và có thể di truyền cho các đời sau."
192,Lời kêu gọi toàn quốc kháng chiến được Hồ Chí Minh soạn thảo.
193,Đoàn Chủ tịch Quốc hội Mông Cổ đã trao tặng ông Tôn Đức Thắng Huân chương Sao Vàng.
194,Nicolas Anelka nói rằng khả năng chạy chỗ vào hàng phòng ngự của Mbappé khiến anh nhớ đến Ronaldo của Thế vận hội 1996.
195,"""Bố già"" đã được công chiếu tại Singapore, Malaysia và Thái Lan."
196,"Gia Lai đứng thứ hai về diện tích và đứng thứ hai về dân số vùng Tây Nguyên. Gia Lai đứng thứ 30 về Tổng sản phẩm trên địa bàn (GRDP), đứng thứ 33 về GRDP bình quân đầu người, đứng thứ 33 về tốc độ tăng trưởng GRDP."
197,Trung Quốc.
198,"Kinh tế thị trường định hướng xã hội chủ nghĩa là tên gọi mà Đảng Cộng sản Việt Nam đặt ra cho mô hình kinh tế hiện tại của nước Cộng hòa Xã hội Chủ nghĩa Việt Nam. Nó được mô tả là một nền kinh tế thị trường nhiều thành phần, trong đó nhà nước giữ vai trò chủ đạo và có trách nhiệm định hướng nền kinh tế, với mục tiêu dài hạn là xây dựng chủ nghĩa xã hội."
199,Không có thông tin nào trong đoạn văn được cung cấp về việc ông Xuân Diệu tham gia viết báo cho các tờ báo.
200,Hội chứng hô hấp cấp tính nặng có thể bắt nguồn từ chợ động vật hoang dã ở Trung Quốc.
201,"Theo cách sử dụng đương đại, Mỹ Latinh có thể được phân thành một vài tiểu vùng dựa trên các yếu tố địa lý, chính trị, nhân khẩu và văn hóa. Các tiểu vùng địa lý cơ bản của Mỹ Latinh là Bắc Mỹ, Trung Mỹ, Caribe và Nam Mỹ."
202,"Các mã cổ phiếu thuộc tập đoàn Vingroup là VIC, VHM và VRE."
203,"Ông Trần Văn Giàu phát biểu trong ngày 2-9-1945 tại Sài Gòn. Ông phát biểu tại lễ đài lễ độc lập tại đường Cộng Hòa, ngay phía sau nhà thờ Đức Bà."
204,"Quyển Artbook đầu tiên, ""One Piece: Color Walk 1"", được phát hành tháng 6/2001. Quyển thứ hai, ""One Piece: Color Walk 2"", được phát hành ngày 4/11/2003. Quyển thứ ba, ""One Piece: Color Walk 3 - Lion"", ra mắt ngày 5/1/2006. Quyển thứ tư, ""One Piece: Color Walk 4 Eagle"", ra mắt ngày 4 tháng 5 năm 2010. Quyển thứ năm, ""One Piece: Color Walk 5 Shark"", ra mắt ngày 3 tháng 12 năm 2010. Quyển thứ sáu, ""One Piece: Color Walk 6 Gorilla"", ra mắt ngày 4 tháng 1 năm 2014. Quyển thứ bảy, ""One Piece: Color Walk 7 Tyrannosaurus"", ra mắt ngày 4 tháng 7 năm 2016."
205,"Biến đổi khí hậu là sự thay đổi của hệ thống khí hậu gồm khí quyển, thủy quyển, sinh quyển, thạch quyển, băng quyển hiện tại và trong tương lai bởi các nguyên nhân tự nhiên và nhân tạo trong một giai đoạn nhất định tính bằng thập kỷ hay hàng triệu năm."
206,"Landmark 81 là tòa nhà cao nhất Việt Nam, toà nhà cao thứ hai Đông Nam Á và là tòa nhà cao thứ 17 trên thế giới."
207,Số 0 được coi là số nguyên hữu tỉ.
208,"Hoa hồng thường được sử dụng như một biểu tượng của sự phục sinh huyền bí vì nó tượng trưng cho sự dâng hiến tình yêu, tình yêu trong trắng và sự dâng hiến."
209,World Cup năm 1994.
210,S = D * H
211,"Thủ môn là cầu thủ chơi ở vị trí thấp nhất của đội bóng, đứng ngay trước khung thành của đội nhà."
212,Người dân yêu mến ông Khuất Nguyên vì sợ cá tôm rỉa xác của ông nên đã dùng nếp và lá để gói thành bánh đem thả xuống sông cho cá ăn để bảo vệ thân xác của ông.
213,"Trường Trung học phổ thông chuyên Nguyễn Thiện Thành là một trường phổ thông chuyên của tỉnh Trà Vinh. Trường được thành lập vào năm 2006 và là một phần của hệ thống giáo dục chuyên nghiệp của tỉnh. Trường có một chương trình giáo dục tiên tiến và hiện đại, cung cấp giáo dục chất lượng cao cho học sinh. Trường có một đội ngũ giáo viên và nhân viên chuyên nghiệp, tận tâm và tận tâm, sẵn sàng hỗ trợ học sinh phát triển toàn diện."
214,"Long An nổi tiếng với nhiều sản phẩm nông nghiệp như gạo tài nguyên, gạo nàng thơm Chợ Đào, rượu đế Gò Đen, dưa hấu Long Trì, dứa Bến Lức, đậu phộng Đức Hòa, mía Thủ Thừa, thanh long Châu Thành..."
215,"Thất Tịch là một lễ hội ở Việt Nam, diễn ra vào ngày 7/7 âm lịch. Nó được tổ chức bởi các thiếu nữ và cung đình. Trong lễ hội, các thiếu nữ luồn chỉ vào 7 cái kim rồi thả nhẹ trên nước để không chìm. Kết thúc bái tạ trước bàn tế có lư trầm hương."
216,Nguyên mẫu của quốc kỳ Việt Nam hiện nay được ghi nhận xuất hiện lần đầu tiên trong cuộc Nam Kỳ khởi nghĩa ngày 23 tháng 11 năm 1940.
217,Đội Thiếu niên Tiền phong Hồ Chí Minh được đặt tên là Đội Thiếu niên Tháng Tám vào năm 1956.
218,"Cấp bậc Thượng tá bị bãi bỏ vào năm 1982, khi Quân Giải phóng Miền Nam Việt Nam sáp nhập hoàn toàn với Quân đội nhân dân Việt Nam."
219,"Việt Nam có ba vùng khí hậu: miền Bắc, miền Bắc Trung Bộ và miền Nam. Vùng khí hậu miền Bắc có khí hậu cận nhiệt đới ẩm, miền Bắc Trung Bộ có khí hậu nhiệt đới gió mùa và miền Nam có khí hậu cận xích đạo."
220,"Trong phần thi Khởi động của Đường lên đỉnh Olympia năm thứ 20, mỗi thí sinh sẽ khởi động với tất cả các câu hỏi thuộc các lĩnh vực Toán, Lý, Hóa, Sinh, Văn, Sử, Địa, Thể thao, Nghệ thuật, Tiếng Anh... Mỗi câu trả lời đúng được 10 điểm, trả lời sai không tính điểm."
221,"Phần cuối cùng của bộ truyện Harry Potter là ""Harry Potter and the Deathly Hallows"" (""Harry Potter và Bảo bối Tử thần"")."
222,"Đảng Cộng sản Việt Nam đã có ảnh hưởng đáng kể đến Đoàn Thanh niên Cộng sản Hồ Chí Minh. Điều này có thể được suy ra từ đoạn văn đề cập rằng tổ chức này do Đảng Cộng sản Việt Nam và Chủ tịch Hồ Chí Minh sáng lập, lãnh đạo và rèn luyện."
223,"Ở Nghệ An, có 21 đơn vị hành chính cấp huyện, bao gồm 1 thành phố, 3 thị xã và 17 huyện. Các huyện này có 460 đơn vị hành chính cấp xã, bao gồm 411 xã, 32 phường và 17 thị trấn."
224,Roblox ở Trung Quốc được gọi là Luobulesi.
225,"Bài báo đề cập rằng bài hát ""Cha già rồi đúng không"" của nhạc sĩ Phạm Hồng Phước được chọn làm nhạc phim, do ca sĩ Ali Hoàng Dương trình bày. Bài hát thứ hai được công bố là ""Sao cha không"" do Phan Mạnh Quỳnh sáng tác và thể hiện."
226,"Người đến thăm Lăng Chủ tịch Hồ Chí Minh phải tuân theo những yêu cầu như ăn mặc chỉnh tề, không mang máy ảnh, điện thoại di động có chức năng quay phim, chụp ảnh, tắt điện thoại, không mang đồ ăn thức uống và giữ trật tự trong lăng."
227,"Quốc hiệu đầu tiên của Việt Nam tồn tại từ năm 1054, khi vua Lý Thánh Tông lên ngôi. Quốc hiệu này tồn tại lâu dài nhất, dù bị gián đoạn 7 năm thời nhà Hồ và 20 năm thời thuộc Minh, kéo dài đến năm 1804, trải qua các vương triều Lý, Trần, Lê, Mạc và Tây Sơn, khoảng 724 năm."
228,"Gia đình Hồ Chí Minh bao gồm cha mẹ và anh chị em. Cha của Hồ Chí Minh là Nguyễn Sinh Cung, một nhà Nho ở làng Sen, xã Kim Liên, huyện Nam Đàn, tỉnh Nghệ An. Mẹ của Hồ Chí Minh là Nguyễn Thị Ngọc, một người phụ nữ Việt Nam. Anh chị em của Hồ Chí Minh bao gồm Hồ Chí Minh, Hồ Chí Minh, Hồ Chí Minh và Hồ Chí Minh."
229,Buổi phát sóng truyền hình đầu tiên của Đài Tiếng nói Việt Nam diễn ra vào tối ngày 7 tháng 9 năm 1970.
230,"Quân đội nhân dân Việt Nam là tên gọi của quân đội do Hồ Chí Minh sáng lập. Ông cho rằng đây là quân đội ""từ nhân dân mà ra, vì nhân dân mà chiến đấu, vì nhân dân phục vụ"". Sau này, Đảng Cộng sản Việt Nam mở rộng thêm: ""có nguồn gốc nhân dân, bảo vệ tính mạng, tài sản và quyền làm chủ của nhân dân, bảo vệ nền độc lập thống nhất và bản sắc dân tộc""."
231,"Thế vận hội Mùa hè 2020 là Thế vận hội thứ tư được tổ chức ở Nhật Bản. Tokyo đã được chọn là thành phố chủ nhà trong phiên họp IOC lần thứ 125 ở Buenos Aires, Argentina vào ngày 7 tháng 9 năm 2013. Thế vận hội 2020 sẽ đánh dấu lần thứ hai Nhật Bản tổ chức Thế vận hội Mùa hè, lần đầu tiên cũng ở Tokyo vào năm 1964, đánh dấu việc đây là thành phố đầu tiên ở châu Á tổ chức Thế vận hội Mùa hè hai lần và đồng thời đây là lần thứ tư Thế vận hội Mùa hè được tổ chức tại châu Á."
232,"Đoạn văn đề cập rằng bộ phim được sản xuất trong hoàn cảnh khó khăn do được sản xuất vào những năm 1980, khi kỹ xảo điện ảnh ở Trung Quốc còn hạn chế. Vốn đầu tư 6 triệu nhân dân tệ tuy là một khoản tiền lớn nhưng cũng không đủ trang trải cho các chi phí để thực hiện bộ phim, do vậy nên các diễn viên và những nhân viên trong đoàn phim chỉ nhận được thù lao mang tính tượng trưng, ít ỏi."
233,"Văn học dân gian bao gồm các thể loại như thần thoại, kể về các vị thần, xuất hiện từ thời công xã nguyên thủy nhằm giải thích các hiện tượng tự nhiên."
234,Dịch SARS gây ra thiệt hại đáng kể cho Hồng Kông và các quốc gia khác trên thế giới. Nó đã gây ra 8422 trường hợp và 774 trường hợp tử vong.
235,"Chủ tịch Quốc hội Việt Nam là người đứng đầu Ủy ban Thường vụ Quốc hội và hiển nhiên đứng đầu Quốc hội, do Quốc hội bầu ra từ các Đại biểu Quốc hội. Chủ tịch Quốc hội không được đồng thời là thành viên của Chính phủ. Chủ tịch Quốc hội đầu tiên năm 1946 là Nguyễn Văn Tố. Chủ tịch Quốc hội hiện nay là ông Vương Đình Huệ (2021-nay)."
236,"Văn học dân gian thường phản ánh hệ thống niềm tin, giá trị văn hóa, giáo dục và truyền dẫn xuyên thế hệ."
237,Bố già là bộ phim điện ảnh đầu tiên của Việt Nam vượt mốc 5 triệu vé bán ra.
238,"""Lấy danh nghĩa người nhà."" là một bộ phim truyền hình Trung Quốc được phát sóng vào ngày 18 tháng 8 năm 2020. Phim có sự tham gia của Phan Tiệp, Chu Ba và Trần Đình Quảng bá."
239,"Kylian Mbappé sinh ngày 20 tháng 12 năm 1998 tại Paris. Anh lớn lên ở Bondy, Seine-Saint-Denis ở ngoại ô phía đông bắc Paris."
240,Nguyễn Phú Trọng vào Đảng vào ngày 19 tháng 12 năm 1967.
241,"Người con gái bày tỏ tình cảm của mình bằng cách gửi thiệp Valentine, hoa hồng, sô-cô-la và một số loại quà tặng đặc biệt khác cho người con trai họ yêu."
242,"Quyển Databook đầu tiên, ""One Piece: Red - Grand Characters"", được xuất bản ở Nhật vào ngày 2/3/2002. Quyển Databook thứ hai, ""One Piece: Blue - Grand Data File"", không chỉ chứa đựng nhiều thông tin về nhân vật và bộ truyện, mà còn có cả tám mẩu chuyện ngoài lề 4-khung mới, ""Rạp hát Hải tặc Luffy 4-khung"" (""ルフィ海賊団四コマ劇場 Rufi Kaizokudan Yon-Koma Gekijō"")."
243,"Trụ sở chính của NATO đặt tại Brussels, Bỉ, nơi Supreme Allied Commander tọa lạc. Bỉ là một trong 29 quốc gia thành viên NATO tại Bắc Mỹ và châu Âu, và mới nhất trong số các thành viên là các nước Albania và Croatia, tham gia vào tháng 4 năm 2009."
244,"Chủ trương đối ngoại của Việt Nam có 3 trụ cột chính: - Chủ trương đảm bảo an ninh quốc gia chủ quyền toàn vẹn lãnh thổ độc lập dân tộc bản sắc dân tộc Chủ trương tạo môi trường thuận lợi để phát triển kinh tế đảm bảo đời sống nhân dân và nâng cao vị thế quốc gia Chủ trương cân bằng quan hệ"
245,"Theo quan điểm của Chính phủ Tây Ban Nha, ông Carles Puigdemont đã bị Thủ tướng Mariano Rajoy cách chức vào ngày 28 tháng 10 năm 2017."
246,Bộ gen RNA coronavirus có bọc 5 methyl và đuôi 3′polyadenylated. Điều này cho phép RNA gắn vào ribosome để dịch mã.
247,Asian Cup 2019 được tổ chức ở Qatar.
248,"Ngân hàng thương mại cổ phần Ngoại thương Việt Nam (tên giao dịch quốc tế: ""Joint Stock Commercial Bank for Foreign Trade of Vietnam"") là công ty lớn nhất trên thị trường chứng khoán Việt Nam tính theo vốn hóa. Hiện tại, Ngân hàng nhà nước Việt Nam nắm giữ 75% cổ phần và là cổ đông lớn nhất."
249,"Quân đội nhân dân Việt Nam là tên gọi của Quân đội nhân dân Việt Nam. Tên này được đặt bởi Hồ Chí Minh vì ông cho rằng đây là quân đội ""từ nhân dân mà ra, vì nhân dân mà chiến đấu, vì nhân dân phục vụ"". Sau này, Đảng Cộng sản Việt Nam mở rộng thêm: ""có nguồn gốc nhân dân, bảo vệ tính mạng, tài sản và quyền làm chủ của nhân dân, bảo vệ nền độc lập thống nhất và bản sắc dân tộc""."
250,"Kim loại trung bình và đồng phản ứng với oxi ở nhiệt độ cao. Một số kim loại để lâu ngoài không khí tạo thành hợp chất oxide làm mất dần đi tính chất ban đầu, ví dụ như để sắt ngoài không khí ẩm lâu ngày tạo thành Fe2O3 (Sắt (III) oxide) rất giòn và dễ gãy, người ta gọi hiện tượng này là gỉ sét."
251,"ASEAN được thành lập vào ngày 8/8/1967 với năm quốc gia thành viên đầu tiên là: Thái Lan, Indonesia, Malaysia, Philippines và Singapore."
252,"Zalo được phát triển bởi VNG, một công ty Việt Nam. Zalo được ra mắt vào tháng 8 năm 2012 và mất 8 tháng để phát triển. Đến tháng 9 năm 2012, Zalo mới phát hành trên 3 nền tảng iOS, Android và Nokia S40. Tuy nhiên, Zalo không nhận được sự quan tâm do có nhiều cản trở khi tiếp cận người dùng, như dùng Zing ID để đăng nhập hay sử dụng nền tảng web cho ứng dụng trên điện thoại di động."
253,"Ngày 22 tháng 5 năm 1946, Chủ tịch Hồ Chí Minh ký Sắc lệnh số 71/SL thành lập Quân đội Quốc gia Việt Nam, chính thức thống nhất và chính quy hóa lực lượng quân sự quốc gia. Đến ngày 19 tháng 7 năm 1946, Quyền Chủ tịch nước Việt Nam Dân chủ Cộng hòa Huỳnh Thúc Kháng ra Quyết định số 125/QĐ thành lập trong Quân đội Quốc gia Việt Nam ngành Hải quân Việt Nam, đặt dưới quyền Bộ Quốc phòng về phương diện quản trị và Quân sự Ủy viên hội về phương diện điều khiển. Ngày 10 tháng 9 năm 1946, Chủ tịch Quân sự Ủy viên hội Võ Nguyên Giáp ra Nghị định số 103/NĐ thành lập ""Cơ quan Hải quân"" (sau gọi là Hải đoàn bộ), do một Hải đoàn trưởng điều khiển trực thuộc Bộ Tổng Tham mưu. Nhiệm vụ của Hải đoàn bộ là tổ chức thủy đội tuần tiễu và phỏng thủ duyên hải, tập trung các nhân viên, bộ đội thủy quân đã có trong Quân đội Quốc gia Việt Nam và tuyển lựa cựu thủy binh để thành lập ngay một tổ chức Hải quân. Tuy nhiên, do tình hình chiến sự lúc đó, các quyết định trên đều chưa có điều kiện thực hiện. Đến đầu năm 1947, xét thấy không thể duy trì lực lượng hải quân, Bộ Tổng Chỉ huy Quân đội Quốc gia Việt Nam đã quyết định cho tháo gỡ máy móc, vũ khí, thiết bị và đánh đắm tàu để không lọt vào tay quân Pháp."
254,"Haaland đã tham gia nhiều môn thể thao khác ngoài bóng đá khi còn nhỏ, bao gồm bóng ném, gôn và điền kinh. Anh cũng được cho là đã đạt được kỷ lục thế giới ở lứa tuổi của mình cho môn nhảy xa khi mới 5 tuổi, với khoảng cách kỷ lục là 1,63 mét vào năm 2006."
255,"Chính phủ Cộng hòa xã hội chủ nghĩa Việt Nam (gọi tắt: Chính phủ Việt Nam) là cơ quan hành chính nhà nước cao nhất của nước Cộng hòa xã hội chủ nghĩa Việt Nam, thực hiện quyền hành pháp, cơ quan chấp hành của Quốc hội. Chính phủ chịu trách nhiệm trước Quốc hội và báo cáo công tác trước Quốc hội, Ủy ban Thường vụ Quốc hội và Chủ tịch nước."
256,"Bắc Ninh là tỉnh có diện tích nhỏ nhất cả nước, với vị trí nằm trong Vùng thủ đô Hà Nội, vùng kinh tế trọng điểm Bắc Bộ, thuộc vùng Đồng bằng sông Hồng. Bắc Ninh là trung tâm của xứ Kinh Bắc xưa, với 44 làng quan họ cổ, là cái nôi của Dân ca Quan họ được công nhận là di sản văn hóa phi vật thể đại diện của nhân loại sau nhã nhạc cung đình Huế, không gian văn hóa Cồng Chiêng Tây Nguyên và cùng đợt với ca trù."
257,"Sau khi tốt nghiệp, Ngạn trở thành thầy giáo và trở về làng Đo Đo dạy học."
258,"""Bố già"" bị dời ngày công chiếu do tình hình dịch COVID-19 phức tạp trở lại tại Hải Dương và một số địa phương khác."
259,Nguồn phát bệnh của vi rút gây bệnh SARS là các chợ động vật hoang dã ở Trung Quốc.
260,"Định lý cos là một định lý trong toán học, nói rằng một cạnh của một tam giác có thể được tính bằng một số lượng giác. Định lý này được phát biểu bởi John Napier vào năm 1746."
261,Wikipedia tiếng Việt đạt mốc 1 triệu bài viết vào ngày 15 tháng 6 năm 2014.
262,"Đội tuyển bóng đá quốc gia Brazil đã giành chiến thắng với đội tuyển Anh trong trận tứ kết ở Shizuoka, với hai bàn thắng của Rivaldo và Ronaldo."
263,"Không khí tại Sài Gòn vào ngày 2-9-1945 được miêu tả là sôi động và hào hứng. Ban tổ chức buổi lễ đã tổ chức một cuộc mít tinh lớn tại quảng trường Ba Đình ở Hà Nội, nơi Chủ tịch Hồ Chí Minh đọc bản ""Tuyên ngôn độc lập""."
264,"Dựa trên thông tin được cung cấp trong đoạn văn, có thể suy ra rằng Quốc hội Việt Nam đã trải qua 5 đời Chủ tịch Quốc hội. Cụ thể, đoạn văn đề cập rằng có 5 nguyên Chủ tịch Quốc hội còn sống, trong đó cao tuổi nhất là ông Nguyễn Văn An và trẻ nhất là Nguyễn Thị Kim Ngân."
265,Trận Bạch Đằng năm 938 là một trận đánh giữa quân dân Tĩnh Hải quân do Ngô Quyền lãnh đạo và quân Nam Hán. Kết quả là người Việt giành chiến thắng lớn nhờ kế sách cắm cọc nhọn dưới lòng sông Bạch Đằng của Ngô Quyền.
266,"Tập đoàn Vingroup được thành lập vào ngày 8 tháng 8 năm 1993, với tiền thân là công ty Technocom chuyên về sản xuất mỳ ăn liền tại Ukraina bởi một nhóm các du học sinh người Việt Nam, những người này sau đó quay trở lại đầu tư đa ngành tại quê hương còn thương hiệu mỳ thì được Nestle của Thụy Sỹ mua lại vào năm 2004."
267,Trung du và miền núi phía Bắc có nhiều nhà máy thủy điện nhỏ và vừa. Các nhà máy này chủ yếu được xây dựng trên các phụ lưu của các sông. Các nhà máy này có thể được sử dụng để khai thác và chế biến khoáng sản trên cơ sở nguồn điện rẻ và dồi dào.
268,"Thư tịch đầu tiên có chép bài thơ ""Nam quốc sơn hà"" là sách ""Việt điện u linh tập"", song bản ""Nam quốc sơn hà"" trong ""Việt điện u linh tập"" không phải là bản được biết đến nhiều nhất, bản ghi trong ""Đại Việt sử ký toàn thư"" mới là bản được nhiều người biết nhất."
269,"Bàn cờ tướng là một hình chữ nhật do 9 đường dọc và 10 đường ngang cắt nhau vuông góc tại 90 điểm hợp thành. Một khoảng trống gọi là sông nằm ngang giữa bàn cờ, chia bàn cờ thành hai phần đối xứng bằng nhau. Mỗi bên có một Cửu cung hình vuông do 4 ô hợp thành tại các đường dọc 4, 5, 6 kể từ đường ngang cuối của mỗi bên, trong 4 ô này có vẽ hai đường chéo nhằm hạn chế nước đi của các quân Tướng (hay Soái) và Sĩ."
270,"Đoàn Thanh niên Cộng sản Hồ Chí Minh tổ chức và hoạt động theo nguyên tắc tập trung dân chủ, thực hiện tập thể lãnh đạo, cá nhân phụ trách."
271,"Ban Nghiên cứu Thủy quân là một tổ chức nghiên cứu lực lượng bảo vệ vùng biển. Nó được thành lập vào đầu tháng 8 năm 1954, sau thắng lợi quyết định tại trận Điện Biên Phủ và Hiệp định Genève, 1954."
272,"Triết học Marx-Lenin được Marx, Engels sáng lập vào giữa thế kỷ thứ XIX. Lenin và các nhà mácxit khác sau đó đã phát triển triết học Marx-Lenin."
273,"One Piece đã đạt được nhiều kỷ lục trong suốt sự nghiệp của mình. Năm 2008, bộ truyện tranh được cấp phép cho hãng Viz Media phát hành ở thị trường Bắc Mỹ, và vào năm 2010, Shueisha thông báo họ đã bán hơn 260 triệu tập One Piece, tập 61 lập kỷ lục số lượng in sách tại Nhật Bản với 3,8 triệu bản in."
274,"Chủ tịch Quốc hội Việt Nam. Danh sách Chủ tịch Quốc hội. Ghi chú: Danh sách nguyên Chủ tịch Quốc hội còn sống. Tính đến ngày 1 tháng 4 năm 2023, có 5 nguyên Chủ tịch Quốc hội còn sống. Nguyên Chủ tịch Quốc hội còn sống cao tuổi nhất là ông Nguyễn Văn An và trẻ nhất là Nguyễn Thị Kim Ngân. Chủ tịch Quốc hội qua đời gần đây nhất là ông Lê Quang Đạo khi ông qua đời vào ngày 24 tháng 7 năm 1999."
275,"Văn học dân gian Việt Nam có một số thể loại chính như truyện thơ, chèo, ca dao, tục ngữ, vè, câu đố"
276,Đập Tam Hiệp được xây dựng vào năm 1994. Nó là đập thủy điện lớn nhất thế giới và bắt đầu chứa nước vào ngày 1 tháng 6 năm 2003.
277,"NATO là một liên minh quân sự được thành lập vào ngày 4 tháng 4 năm 1949. Ngày 1 tháng 4 năm 2009, số thành viên lên đến 28 với sự gia nhập của Albania và Croatia. Đến năm 2023, số lượng thành viên của NATO là 31 quốc gia sau khi Phần Lan chính thức tham gia tổ chức này vào tháng 4 năm 2023."
278,"Hồ Xuân Hương được nhà thơ hiện đại Xuân Diệu đặt biệt danh là ""Bà chúa thơ Nôm""."
279,Không có người nào được bầu làm Tổng thống quá hai nhiệm kỳ.
280,"Dự án đầu tiên mà Johnathan Hạnh Nguyễn cùng năm đối tác khác được Bộ Giao thông Vận tải, Cục hàng không, Tổng công ty hàng không Việt Nam tin tưởng giao thực hiện là Nhà ga hành khách quốc tế - Cảng hàng không quốc tế Cam Ranh. Dự án này được khởi công vào ngày 30.06.2018 và dự kiến ​​đạt mốc hoàn thành trong vòng 18 tháng kể từ ngày khởi công."
281,"Minecraft có 3 chế độ chơi chính: Sinh tồn, Phiêu lưu và Sáng tạo. Chế độ Khán giả chỉ cho phép tham quan, không cho phép tương tác với thế giới trong trò chơi nhưng có thể đi xuyên khối. Chế độ Phiêu lưu được thiết lập cho những thế giới được thiết kế sẵn nhằm bổ trợ cho một cốt truyện hoặc mục tiêu khác của bên thứ ba ngoài tuyến cốt truyện chính của Minecraft."
282,"Câu trả lời là không. Đội Thiếu niên Tiền phong Hồ Chí Minh là một tổ chức thanh thiếu niên Việt Nam từ 9 đến 15 tuổi, thực hiện tốt 5 điều Bác Hồ dạy, phấn đấu học tập, rèn luyện và tu dưỡng để trở thành đoàn viên Đoàn TNCS Hồ Chí Minh."
283,"Định lý cos được dùng trong phép đo góc tam giác để tìm góc của một tam giác hoặc một đường tròn. Ví dụ trong Hình 3, định lý cos được dùng để tìm góc của một tam giác."
284,Việt Nam hiện có quan hệ ngoại giao với 192 trong 200 quốc gia trên toàn thế giới.
285,"Lý Thường Kiệt là một nhà quân sự, nhà chính trị và hoạn quan rất nổi tiếng vào thời nhà Lý nước Đại Việt. Ông làm quan qua 3 triều Lý Thái Tông, Lý Thánh Tông, Lý Nhân Tông và đạt được nhiều thành tựu to lớn, khiến ông trở thành một trong hai danh tướng vĩ đại nhất nhà Lý, bên cạnh Lê Phụng Hiểu."
286,"Các cổ đông chính của Ngân hàng Quân đội là Viettel, Tổng công ty Đầu tư và Kinh doanh Vốn Nhà nước, Tổng công ty Trực thăng Việt Nam và Tổng công ty Tân Cảng Sài Gòn."
287,"Châu Á. Theo đoạn văn, dân số châu Á chiếm 60% dân số thế giới. Dân số châu Á bao gồm hơn 4,64 tỷ người, trong đó Trung Quốc và Ấn Độ chiếm 36% dân số thế giới."
288,"Nhà nước Văn Lang nằm ở một phần của Trung Quốc, Bắc Bộ và Bắc Trung Bộ ngày nay."
289,"ASCII được công bố lần đầu tiên vào năm 1963 bởi Hiệp hội tiêu chuẩn Hoa Kỳ (American Standards Association, ASA), sau này đổi thành ANSI."
290,"Mười lời thề danh dự của quân nhân Quân đội nhân dân Việt Nam là lời tuyên thệ của tân binh, được đọc trong lễ chào cờ của Quân đội nhân dân Việt Nam."
291,"Nhiệt độ lạnh nhất từng được ghi nhận ở Việt Nam là −6,1 °C (21,0 °F) tại Sa Pa vào ngày 4 tháng 1 năm 1974."
292,"Sau khi điều khoản Hiệp định được thống nhất giữa Việt Nam Dân chủ Cộng hòa-Cộng hòa miền Nam Việt Nam và Hoa Kỳ, đoàn Việt Nam Cộng hòa đã phản đối. Lê Đức Thọ, một nhân vật chủ chốt trong cuộc đàm phán, đã từ chối nhận giải vì ông cho rằng giải thưởng sẽ chỉ được trao cho ông do giải Nobel hòa bình phải được trao cho đại diện của bên kiến tạo hòa bình (nhân dân Việt Nam)."
293,"Đô thị ở miền núi, vùng cao, có đường biên giới quốc gia thì tiêu chí quy mô dân số có thể thấp hơn nhưng tối thiểu đạt 50% mức quy định; các tiêu chí khác tối thiểu đạt 70% mức quy định của loại đô thị tương ứng."
294,"Người ta đề ra quy tắc đổi từ thang điểm 4 sang thang điểm 10 vì thang điểm 4 theo phương pháp học chế tín chỉ và thang điểm 10 theo phương pháp học phần niên chế ở nhiều trường Đại học và Cao đẳng tại Việt Nam gây khó khăn cho các cơ quan tuyển dụng và các tổ chức cấp học bổng trong việc so sánh, đối chiếu thành tích học tập của sinh viên."
295,"Động từ là những từ dùng để chỉ hành động, trạng thái của sự vật."
296,"Trước sự bùng phát của dịch, mối lo ngại trong cộng đồng đã dẫn đến sự gia tăng nhu cầu khẩu trang, nước sát khuẩn. 1 số nơi xuất hiện tình trạng tăng giá khẩu trang hoặc hết hàng."
297,"Phim ""Hướng dương ngược nắng"" xoay quanh nhân vật chính Minh (Lương Thu Trang). Cô là một cô gái trẻ sống với người mẹ vô trách nhiệm, người đã phát hiện cô và em trai là con riêng của Tổng giám đốc Tập đoàn Cao Dược. Từ đây, cô phải đối mặt với cuộc đua tranh quyền lực của các thành viên trong gia đình mình cùng những người xung quanh với đầy rẫy âm mưu và tham vọng."
298,"Tây du ký gồm 25 tập. Vào ngày 1 tháng 2 năm 1988, CCTV đã chính thức phát sóng trọn bộ phần một của phim bao gồm 16 tập. Phần hai của phim sau đó cũng đã được phát hành vào năm 1998 với tổng cộng 16 tập."
299,"Mục đích của bảng xếp hạng là xếp hạng sự phát triển và khả năng của các đội bóng thuộc các quốc gia thành viên, đồng thời nó đòi hỏi họ tạo nên ""1 thước đo chính xác để so sánh các đội""."
